sample_size,evsi_per_person,research_cost,enbs_immediate_full_realisation,enbs_two_year_delay_60pct_realisation
50,63.117286,1205000.00,-505075.77,-879248.41
100,88.768918,1210000.00,-225618.06,-751859.01
200,124.179366,1220000.00,157057.73,-579103.86
400,171.952831,1240000.00,666830.29,-352542.52
800,233.720375,1280000.00,1311786.86,-73757.03
1200,275.918834,1320000.00,1739736.71,104031.41
